City_ID,City,Country,Date,Lat,Lng,Max Temp,Humidity,Cloudiness,Wind Speed
0,Bridlington,GB,2021-12-12 22:54:03,54.0831,-0.1919,53.78,76,77,21.74
1,Sabzevar,IR,2021-12-12 22:54:03,36.2126,57.6819,40.1,65,2,3.51
2,Busselton,AU,2021-12-12 22:54:03,-33.65,115.3333,51.08,60,100,8.81
3,Mahebourg,MU,2021-12-12 22:54:04,-20.4081,57.7,75.49,88,75,17.27
4,Punta Arenas,CL,2021-12-12 22:51:08,-53.15,-70.9167,50.11,34,0,23.02
5,Great Bend,US,2021-12-12 22:54:04,38.3645,-98.7648,55.92,26,1,5.01
6,Amga,RU,2021-12-12 22:54:05,60.8953,131.9608,-18.65,98,100,2.19
7,Albany,US,2021-12-12 22:54:05,42.6001,-73.9662,40.8,44,0,9.08
8,Sunndalsora,NO,2021-12-12 22:54:06,62.6754,8.5515,37.45,82,95,11.36
9,Lavrentiya,RU,2021-12-12 22:54:06,65.5833,-171.0,-14.46,88,16,3.27
10,Avera,US,2021-12-12 22:54:06,33.194,-82.5271,56.86,48,0,6.51
11,Shingu,JP,2021-12-12 22:54:07,33.7333,135.9833,50.99,69,5,6.06
12,Damaturu,NG,2021-12-12 22:54:07,11.747,11.9608,71.58,22,99,9.04
13,Airai,TL,2021-12-12 22:54:08,-8.9266,125.4092,66.88,78,100,1.05
14,Porto Novo,BJ,2021-12-12 22:54:08,6.4965,2.6036,84.02,81,30,6.58
15,Carnarvon,AU,2021-12-12 22:51:10,-24.8667,113.6333,68.07,73,3,14.97
16,Ushuaia,AR,2021-12-12 22:52:16,-54.8,-68.3,46.06,49,75,26.46
17,Kavaratti,IN,2021-12-12 22:54:09,10.5669,72.642,81.09,73,91,2.98
18,Abapo,BO,2021-12-12 22:54:09,-18.8333,-63.4667,74.68,74,96,3.58
19,Broome,US,2021-12-12 22:54:10,42.2506,-75.833,40.6,57,0,3.0
20,Hilo,US,2021-12-12 22:51:10,19.7297,-155.09,80.11,58,75,5.75
21,Tual,ID,2021-12-12 22:54:11,-5.6667,132.75,84.0,74,97,10.83
22,Kapaa,US,2021-12-12 22:53:11,22.0752,-159.319,78.12,59,76,4.0
23,North Platte,US,2021-12-12 22:54:11,41.1239,-100.7654,49.64,25,1,7.47
24,East London,ZA,2021-12-12 22:54:12,-33.0153,27.9116,71.85,95,100,7.87
25,Puerto Ayora,EC,2021-12-12 22:54:12,-0.7393,-90.3518,75.16,92,99,7.74
26,Zhangjiakou,CN,2021-12-12 22:54:13,40.81,114.8794,17.78,32,0,0.89
27,Mataura,NZ,2021-12-12 22:53:17,-46.1927,168.8643,64.47,42,59,3.27
28,Sangueya,GN,2021-12-12 22:54:14,10.7,-14.3667,77.83,85,64,1.39
29,Birao,CF,2021-12-12 22:54:15,10.2849,22.7882,72.18,30,78,5.86
30,Mogadishu,SO,2021-12-12 22:52:34,2.0371,45.3438,79.0,83,94,18.12
31,Jamestown,US,2021-12-12 22:54:15,42.097,-79.2353,40.71,51,1,10.0
32,Kuusamo,FI,2021-12-12 22:54:16,65.9667,29.1833,23.04,93,90,1.14
33,Chichica,PA,2021-12-12 22:54:16,8.4922,-82.1627,79.95,79,43,2.04
34,Akyab,MM,2021-12-12 22:54:17,20.15,92.9,69.03,60,14,7.07
35,Luderitz,NA,2021-12-12 22:54:17,-26.6481,15.1594,61.63,83,2,10.78
36,Izumo,JP,2021-12-12 22:51:48,35.3667,132.7667,46.35,61,75,18.41
37,Avarua,CK,2021-12-12 22:54:17,-21.2078,-159.775,73.45,94,75,11.5
38,Ostrovnoy,RU,2021-12-12 22:54:18,68.0531,39.5131,30.29,91,100,15.46
39,Hithadhoo,MV,2021-12-12 22:54:19,-0.6,73.0833,80.83,79,100,11.1
40,Guerrero Negro,MX,2021-12-12 22:54:19,27.9769,-114.0611,66.34,48,41,10.04
41,Rocha,UY,2021-12-12 22:54:19,-34.4833,-54.3333,70.05,74,66,8.19
42,Kodiak,US,2021-12-12 22:54:20,57.79,-152.4072,14.29,72,12,24.7
43,Khislavichi,RU,2021-12-12 22:54:20,54.1871,32.1582,30.61,96,100,7.29
44,Rikitea,PF,2021-12-12 22:55:20,-23.1203,-134.9692,77.65,76,87,8.63
45,Havelock,US,2021-12-12 22:55:21,34.8791,-76.9013,51.78,66,1,8.05
46,Atuona,PF,2021-12-12 22:55:21,-9.8,-139.0333,79.11,78,15,18.97
47,Tasiilaq,GL,2021-12-12 22:52:29,65.6145,-37.6368,35.01,80,100,16.96
48,Chuy,UY,2021-12-12 22:52:28,-33.6971,-53.4616,68.59,76,0,13.0
49,Nanortalik,GL,2021-12-12 22:55:22,60.1432,-45.2371,21.69,78,27,4.99
50,Bambous Virieux,MU,2021-12-12 22:55:22,-20.3428,57.7575,75.45,88,75,17.27
51,Okato,NZ,2021-12-12 22:55:23,-39.2,173.8833,69.42,91,99,8.84
52,Virginia Beach,US,2021-12-12 22:54:45,36.8529,-75.978,48.02,51,1,4.61
53,Marsh Harbour,BS,2021-12-12 22:55:23,26.5412,-77.0636,76.55,77,4,11.23
54,Saint-Philippe,RE,2021-12-12 22:55:24,-21.3585,55.7679,76.59,74,80,11.32
55,Sungaipenuh,ID,2021-12-12 22:55:24,-2.0833,101.3833,64.09,96,96,2.8
56,Cidreira,BR,2021-12-12 22:55:24,-30.1811,-50.2056,71.49,87,1,13.94
57,Reforma,MX,2021-12-12 22:55:25,18.1,-91.0167,79.32,73,51,0.81
58,Sur,OM,2021-12-12 22:55:25,22.5667,59.5289,70.36,63,6,6.11
59,Cape Town,ZA,2021-12-12 22:54:32,-33.9258,18.4232,66.61,79,20,1.99
60,Esperance,AU,2021-12-12 22:55:26,-33.8667,121.9,55.24,53,68,4.38
61,Kirakira,SB,2021-12-12 22:55:26,-10.4544,161.9205,83.7,81,96,14.58
62,Shevchenkove,UA,2021-12-12 22:55:27,49.6959,37.1735,28.18,60,100,15.26
63,Spearfish,US,2021-12-12 22:55:27,44.4908,-103.8594,47.28,34,1,7.0
64,Marzuq,YE,2021-12-12 22:55:27,14.4,46.4667,55.98,45,0,4.74
65,Pathein,MM,2021-12-12 22:55:28,16.7833,94.7333,70.05,85,6,5.86
66,Upernavik,GL,2021-12-12 22:55:28,72.7868,-56.1549,6.24,92,100,10.6
67,Dikson,RU,2021-12-12 22:55:29,73.5069,80.5464,-16.83,95,96,15.1
68,Yellowknife,CA,2021-12-12 22:55:29,62.456,-114.3525,9.12,89,90,8.05
69,Narsaq,GL,2021-12-12 22:53:10,60.9167,-46.05,8.11,79,3,3.15
70,Gordeyevka,RU,2021-12-12 22:55:30,52.9569,31.9703,32.25,94,100,6.49
71,Torbay,CA,2021-12-12 22:55:30,47.6666,-52.7314,50.77,94,90,33.38
72,Faanui,PF,2021-12-12 22:55:51,-16.4833,-151.75,80.96,72,42,10.0
73,San Cristobal,VE,2021-12-12 22:54:29,7.7669,-72.225,75.38,82,70,4.0
74,Tuktoyaktuk,CA,2021-12-12 22:55:52,69.4541,-133.0374,-5.8,77,90,18.41
75,Yar-Sale,RU,2021-12-12 22:55:30,66.8333,70.8333,-16.98,100,72,3.65
76,Merke,KZ,2021-12-12 22:55:53,42.8728,73.1786,35.76,71,43,2.06
77,Tiksi,RU,2021-12-12 22:54:21,71.6872,128.8694,-18.94,100,100,2.89
78,Fortuna,US,2021-12-12 22:55:53,40.5982,-124.1573,53.65,78,75,5.99
79,Farmington,US,2021-12-12 22:55:53,36.7281,-108.2187,42.1,29,45,5.82
80,Khatanga,RU,2021-12-12 22:55:54,71.9667,102.5,-51.12,99,80,3.85
81,Ancud,CL,2021-12-12 22:55:54,-41.8697,-73.8203,57.42,69,38,9.35
82,Trairi,BR,2021-12-12 22:51:14,-3.2778,-39.2689,80.85,76,70,11.3
83,Porto Velho,BR,2021-12-12 22:55:55,-8.7619,-63.9039,78.85,89,20,3.44
84,San Andres,CO,2021-12-12 22:55:55,12.5847,-81.7006,82.42,78,75,8.05
85,Bathsheba,BB,2021-12-12 22:55:56,13.2167,-59.5167,81.21,83,75,18.41
86,Vostok,RU,2021-12-12 22:55:56,46.4856,135.8833,1.53,96,100,8.01
87,Kupang,ID,2021-12-12 22:55:56,-10.1667,123.5833,79.38,100,20,1.14
88,Vila Franca Do Campo,PT,2021-12-12 22:55:57,37.7167,-25.4333,56.19,54,99,17.09
89,Vaini,TO,2021-12-12 22:55:57,-21.2,-175.2,82.56,83,40,13.8
90,Port Alfred,ZA,2021-12-12 22:55:58,-33.5906,26.891,71.02,96,100,14.23
91,Leningradskiy,RU,2021-12-12 22:55:58,69.3833,178.4167,-31.25,91,3,4.41
92,Butaritari,KI,2021-12-12 22:56:59,3.0707,172.7902,82.62,71,74,16.37
93,Kendari,ID,2021-12-12 22:56:59,-3.945,122.4989,78.03,91,100,3.22
94,Kavieng,PG,2021-12-12 22:55:33,-2.5744,150.7967,84.61,72,100,7.16
95,San Patricio,US,2021-12-12 22:57:00,28.017,-97.5169,66.29,35,0,8.25
96,Kuala Kedah,MY,2021-12-12 22:57:00,6.1,100.3,80.58,88,20,2.3
97,Iwanai,JP,2021-12-12 22:57:00,42.9744,140.5089,26.65,78,100,27.42
98,Longyearbyen,SJ,2021-12-12 22:57:01,78.2186,15.6401,26.29,92,99,7.67
99,Hammerfest,NO,2021-12-12 22:57:01,70.6634,23.6821,32.45,100,90,8.05
100,Magdalena,PH,2021-12-12 22:57:01,14.1999,121.429,79.2,86,99,11.07
101,Georgetown,MY,2021-12-12 22:57:02,5.4112,100.3354,78.89,82,20,0.0
102,Pisco,PE,2021-12-12 22:53:50,-13.7,-76.2167,69.85,83,20,18.41
103,Charters Towers,AU,2021-12-12 22:57:02,-20.1,146.2667,83.55,50,35,14.27
104,Sovetskaya Gavan,RU,2021-12-12 22:57:03,48.9723,140.2878,21.9,67,100,20.83
105,Taltal,CL,2021-12-12 22:57:03,-25.4,-70.4833,63.52,76,26,4.56
106,Saint George,US,2021-12-12 22:57:03,37.1041,-113.5841,61.27,36,8,1.99
107,Puerto Madryn,AR,2021-12-12 22:57:04,-42.7692,-65.0385,64.76,41,51,23.0
108,Cavite,PH,2021-12-12 22:57:04,14.4825,120.9169,79.97,86,75,1.14
109,Thaton,MM,2021-12-12 22:57:05,16.9206,97.3714,68.7,79,2,3.89
110,Saskylakh,RU,2021-12-12 22:52:31,71.9167,114.0833,-44.9,100,70,3.33
111,Horsham,GB,2021-12-12 22:57:05,51.064,-0.3272,54.01,85,75,9.22
112,Voiron,FR,2021-12-12 22:57:06,45.3639,5.5921,39.27,88,18,4.0
113,Madingou,CG,2021-12-12 22:57:06,-4.1536,13.55,73.17,97,100,1.45
114,Half Moon Bay,US,2021-12-12 22:57:06,37.4636,-122.4286,56.14,90,75,5.99
115,Victoria,HK,2021-12-12 22:57:07,22.2855,114.1577,65.32,70,53,7.0
116,Loandjili,CG,2021-12-12 22:57:07,-4.7561,11.8578,78.91,94,20,1.14
117,Port Lincoln,AU,2021-12-12 22:57:08,-34.7333,135.8667,62.47,64,88,14.36
118,Bluff,NZ,2021-12-12 22:57:08,-46.6,168.3333,64.8,71,22,7.27
119,Hasaki,JP,2021-12-12 22:56:40,35.7333,140.8333,50.22,52,59,21.27
120,Najran,SA,2021-12-12 22:57:09,17.4924,44.1277,52.45,63,6,1.86
121,Arlit,NE,2021-12-12 22:55:08,18.7369,7.3853,69.58,8,87,7.18
122,Petrovsk-Zabaykalskiy,RU,2021-12-12 22:57:09,51.273,108.843,-0.06,95,55,1.54
123,Lebu,CL,2021-12-12 22:57:10,-37.6167,-73.65,56.37,67,4,8.95
124,Tromso,NO,2021-12-12 22:57:10,69.6496,18.957,33.82,80,75,1.01
125,Rawson,AR,2021-12-12 22:56:48,-43.3002,-65.1023,58.75,66,91,17.87
126,Iskateley,RU,2021-12-12 22:57:10,67.6803,53.1512,16.11,95,100,9.33
127,Mar Del Plata,AR,2021-12-12 22:57:11,-38.0023,-57.5575,73.42,83,75,5.99
128,Qaanaaq,GL,2021-12-12 22:57:11,77.484,-69.3632,-3.71,72,79,3.78
129,Oktyabrskoye,RU,2021-12-12 22:57:12,43.0645,44.7417,30.34,92,35,6.71
130,Dir,PK,2021-12-12 22:57:12,35.2058,71.8756,39.49,30,1,7.58
131,Vardo,NO,2021-12-12 22:57:12,70.3705,31.1107,30.4,84,89,26.51
132,Norman Wells,CA,2021-12-12 22:57:13,65.282,-126.8329,-2.16,71,75,12.66
133,Gat,IL,2021-12-12 22:57:13,31.61,34.7642,71.78,31,100,1.74
134,Bodden Town,KY,2021-12-12 22:57:13,19.2833,-81.25,84.2,80,20,3.0
135,Bredasdorp,ZA,2021-12-12 22:57:14,-34.5322,20.0403,60.28,86,100,3.74
136,Vao,NC,2021-12-12 22:57:14,-22.6667,167.4833,75.67,93,100,14.32
137,Vanderhoof,CA,2021-12-12 22:57:15,54.0166,-124.0198,23.56,78,98,3.42
138,Ribeira Grande,PT,2021-12-12 22:57:15,38.5167,-28.7,58.69,53,100,18.77
139,Mariakani,KE,2021-12-12 22:58:16,-3.8633,39.4736,71.71,93,14,1.61
140,Pravia,ES,2021-12-12 22:58:16,43.4906,-6.1508,48.24,87,58,8.05
141,Saldanha,ZA,2021-12-12 22:58:17,-33.0117,17.9442,62.65,90,100,11.86
142,West Seneca,US,2021-12-12 22:57:59,42.8501,-78.7998,45.05,52,2,8.99
143,Inongo,CD,2021-12-12 22:58:17,-1.95,18.2667,70.68,92,100,3.56
144,Yagodnoye,RU,2021-12-12 22:58:18,62.55,149.6667,-9.54,98,100,4.81
145,Broken Hill,AU,2021-12-12 22:58:18,-31.95,141.4333,83.91,15,5,12.66
146,Dibrugarh,IN,2021-12-12 22:58:19,27.4833,94.9,56.23,82,3,3.58
147,Bengkulu,ID,2021-12-12 22:58:19,-3.8004,102.2655,74.77,88,100,3.8
148,Castro,BR,2021-12-12 22:58:20,-24.7911,-50.0119,71.85,49,92,4.38
149,Carutapera,BR,2021-12-12 22:58:20,-1.195,-46.02,79.41,83,25,7.92
150,Inirida,CO,2021-12-12 22:58:20,3.8653,-67.9239,79.07,82,51,1.79
151,Hobart,AU,2021-12-12 22:58:21,-42.8794,147.3294,64.26,59,20,1.99
152,Cuauhtemoc,MX,2021-12-12 22:58:21,28.4167,-106.8667,63.72,19,0,14.0
153,Los Algarrobos,PA,2021-12-12 22:58:21,8.5,-82.4333,81.01,78,20,9.22
154,Tabou,CI,2021-12-12 22:58:22,4.423,-7.3528,79.99,84,11,7.54
155,Nikolskoye,RU,2021-12-12 22:58:23,59.7035,30.7861,24.4,99,100,3.29
156,Asyut,EG,2021-12-12 22:58:23,27.181,31.1837,62.78,42,96,4.7
157,Arraial Do Cabo,BR,2021-12-12 22:58:23,-22.9661,-42.0278,76.69,89,86,22.39
158,Oyama,JP,2021-12-12 22:58:24,36.3,139.8,52.59,31,3,11.3
159,Lapeer,US,2021-12-12 22:58:14,43.0514,-83.3188,43.74,39,1,12.66
160,Bilibino,RU,2021-12-12 22:58:24,68.0546,166.4372,-34.91,96,15,4.88
161,Sao Filipe,CV,2021-12-12 22:58:25,14.8961,-24.4956,74.89,72,91,5.7
162,Hermanus,ZA,2021-12-12 22:54:12,-34.4187,19.2345,64.9,88,62,7.61
163,Filadelfia,US,2021-12-12 22:56:38,39.9523,-75.1638,44.71,43,1,1.99
164,Colares,PT,2021-12-12 22:58:25,38.7992,-9.4469,61.32,69,3,1.01
165,Masvingo,ZW,2021-12-12 22:58:26,-20.0637,30.8277,74.77,43,25,7.34
166,Sindal,DK,2021-12-12 22:58:26,57.4712,10.2031,38.77,99,100,4.36
167,Glenwood Springs,US,2021-12-12 22:58:27,39.5505,-107.3248,43.81,79,1,10.36
168,Olafsvik,IS,2021-12-12 22:58:27,64.8945,-23.7142,41.88,89,99,19.73
169,Axim,GH,2021-12-12 22:58:28,4.8699,-2.2405,79.77,85,66,6.11
170,Nara,JP,2021-12-12 22:58:28,34.6851,135.8049,49.28,52,97,11.27
171,Northam,GB,2021-12-12 22:58:28,51.0333,-4.2167,54.01,94,82,22.35
172,Pataskala,US,2021-12-12 22:58:29,39.9956,-82.6743,41.97,61,2,1.01
173,Merauke,ID,2021-12-12 22:58:29,-8.4667,140.3333,80.29,83,99,13.67
174,Hambantota,LK,2021-12-12 22:58:30,6.1241,81.1185,78.08,81,100,14.29
175,Severo-Kurilsk,RU,2021-12-12 22:53:58,50.6789,156.125,33.19,87,80,12.46
176,Codrington,AU,2021-12-12 22:58:30,-38.2667,141.9667,84.02,23,63,16.11
177,Skibbereen,IE,2021-12-12 22:55:28,51.55,-9.2667,44.4,81,89,7.72
178,Colombia,CU,2021-12-12 22:58:31,20.9881,-77.4297,77.07,72,9,13.56
179,Redmond,US,2021-12-12 22:58:31,47.674,-122.1215,42.31,86,100,3.0
180,Hondo,JP,2021-12-12 22:58:31,32.45,130.2,44.55,66,31,11.41
181,Vila Velha,BR,2021-12-12 22:58:32,-20.3297,-40.2925,80.55,87,0,8.99
182,Kemin,KG,2021-12-12 22:58:32,42.7846,75.6892,28.09,55,30,5.44
183,Bakchar,RU,2021-12-12 22:59:32,57.0186,82.0711,-6.54,100,99,2.71
184,Ewa Beach,US,2021-12-12 22:59:33,21.3156,-158.0072,82.02,70,68,20.65
185,Buraydah,SA,2021-12-12 22:59:33,26.326,43.975,50.45,32,73,5.53
186,Saint-Pierre,RE,2021-12-12 22:59:34,-21.3393,55.4781,76.68,72,75,11.5
187,Sulangan,PH,2021-12-12 22:59:34,11.1373,123.7228,80.58,84,54,15.99
188,Chokurdakh,RU,2021-12-12 22:59:35,70.6333,147.9167,-38.67,97,98,2.33
189,Bandarbeyla,SO,2021-12-12 22:59:35,9.4942,50.8122,76.41,77,3,21.72
190,Nogliki,RU,2021-12-12 22:59:35,51.8333,143.1667,26.37,93,99,19.37
191,Alenquer,BR,2021-12-12 22:59:36,-1.9417,-54.7383,82.74,85,77,3.36
192,Lorengau,PG,2021-12-12 22:55:39,-2.0226,147.2712,82.96,82,100,15.28
193,Nishihara,JP,2021-12-12 22:56:46,26.1842,127.7558,67.28,73,75,21.85
194,Oktyabrskiy,RU,2021-12-12 22:59:36,54.4815,53.471,9.66,94,28,2.84
195,Dakoro,NE,2021-12-12 22:59:37,14.5106,6.765,69.6,13,45,11.23
196,Khorinsk,RU,2021-12-12 22:59:37,52.1657,109.7726,6.33,93,100,3.65
197,Kaduqli,SD,2021-12-12 22:59:38,11.0167,29.7167,74.93,28,56,6.24
198,Capulhuac,MX,2021-12-12 22:59:38,19.1914,-99.4669,66.45,39,34,6.76
199,Urengoy,RU,2021-12-12 22:59:39,65.9667,78.3667,-25.83,90,60,7.87
200,Hualmay,PE,2021-12-12 22:59:39,-11.0964,-77.6139,69.69,80,70,9.62
201,Necochea,AR,2021-12-12 22:59:39,-38.5473,-58.7368,68.04,61,85,7.54
202,Mokshan,RU,2021-12-12 22:59:40,53.4365,44.6132,19.18,77,25,10.4
203,Sisimiut,GL,2021-12-12 22:59:40,66.9395,-53.6735,15.84,86,60,10.0
204,Rondonopolis,BR,2021-12-12 22:59:40,-16.4708,-54.6356,75.87,90,100,3.0
205,Morehead,US,2021-12-12 22:59:41,37.2711,-87.1764,44.35,52,1,0.0
206,Manicore,BR,2021-12-12 22:59:41,-5.8092,-61.3003,75.15,98,99,2.21
207,Mayo,US,2021-12-12 22:55:33,38.8876,-76.5119,47.86,48,1,1.99
208,Paamiut,GL,2021-12-12 22:59:42,61.994,-49.6678,10.85,78,1,6.49
209,Walvis Bay,NA,2021-12-12 22:59:42,-22.9575,14.5053,61.75,82,0,4.61
210,Kadirli,TR,2021-12-12 22:59:43,37.3739,36.0961,56.59,53,96,7.29
211,Lima,PE,2021-12-12 22:59:41,-12.0432,-77.0282,68.25,73,0,13.8
212,Kamaishi,JP,2021-12-12 22:59:43,39.2667,141.8833,29.35,67,56,23.04
213,Barrow,US,2021-12-12 22:59:44,71.2906,-156.7887,-15.88,99,91,9.28
214,Casa Nova,BR,2021-12-12 22:59:44,-9.4167,-41.1333,82.38,51,98,8.55
215,Luziania,BR,2021-12-12 22:59:44,-16.2525,-47.9503,76.69,92,100,4.9
216,Cherskiy,RU,2021-12-12 22:59:45,68.75,161.3,-43.15,100,50,1.59
217,Boden,SE,2021-12-12 22:59:45,65.8252,21.6886,32.0,93,100,5.77
218,Noumea,NC,2021-12-12 22:59:46,-22.2763,166.4572,84.18,80,100,2.48
219,Okha,RU,2021-12-12 22:59:46,53.5739,142.9478,24.58,90,100,19.51
220,Qui Nhon,VN,2021-12-12 22:59:47,13.7667,109.2333,72.66,87,85,18.86
221,Los Amates,GT,2021-12-12 22:59:47,15.2667,-89.1,90.59,93,51,2.01
222,Carmelo,UY,2021-12-12 22:59:36,-33.9892,-58.2856,78.17,68,41,13.49
223,Faya,SA,2021-12-12 22:59:47,18.3851,42.4509,48.72,44,6,3.53
224,Malindi,KE,2021-12-12 22:59:48,-3.2175,40.1191,78.55,82,13,8.01
225,Priiskovyy,RU,2021-12-12 22:59:48,51.9333,116.6333,-0.76,97,100,2.55
226,Machhlishahr,IN,2021-12-12 22:59:48,25.6833,82.4167,55.71,55,0,1.12
227,Tuatapere,NZ,2021-12-12 22:58:17,-46.1333,167.6833,64.81,54,54,4.74
228,Puerto Escondido,MX,2021-12-12 23:00:49,15.85,-97.0667,82.87,70,3,5.12
229,Rayong,TH,2021-12-12 23:00:49,12.8333,101.4333,74.08,83,30,9.8
230,Katsuura,JP,2021-12-12 22:57:12,35.1333,140.3,51.91,62,80,14.97
231,Geraldton,AU,2021-12-12 22:59:29,-28.7667,114.6,61.21,72,58,6.91
232,Diffa,NE,2021-12-12 23:00:50,13.3154,12.6113,72.43,19,100,8.88
233,Nome,US,2021-12-12 23:00:51,64.5011,-165.4064,-16.83,76,5,6.49
234,Grand Gaube,MU,2021-12-12 23:00:51,-20.0064,57.6608,73.38,75,88,3.0
235,Bagdarin,RU,2021-12-12 23:00:52,54.4333,113.6,-11.07,98,46,2.64
236,Sioux Lookout,CA,2021-12-12 23:00:52,50.1001,-91.917,28.17,95,70,4.81
237,Bahia Honda,CU,2021-12-12 23:00:52,22.9036,-83.1592,77.99,77,65,11.48
238,Dali,CN,2021-12-12 23:00:53,25.7,100.1833,44.01,82,10,1.32
239,Dunedin,NZ,2021-12-12 22:58:07,-45.8742,170.5036,61.54,62,62,5.82
240,Hervey Bay,AU,2021-12-12 23:00:53,-25.2986,152.8535,85.03,77,36,4.0
241,Sorland,NO,2021-12-12 23:00:54,67.667,12.6934,36.72,97,95,17.38
242,Shiyan,CN,2021-12-12 23:00:21,32.6475,110.7781,37.71,86,8,1.9
243,Sola,VU,2021-12-12 23:00:54,-13.8833,167.55,81.09,81,100,17.83
244,Palmer,US,2021-12-12 23:00:55,42.1584,-72.3287,40.44,50,2,5.59
245,Robertsport,LR,2021-12-12 23:00:55,6.7533,-11.3686,81.39,80,6,8.52
246,Nelson Bay,AU,2021-12-12 23:00:55,-32.7167,152.15,71.1,68,68,3.0
247,Lagoa,PT,2021-12-12 23:00:56,39.05,-27.9833,57.74,53,100,22.57
248,Omsukchan,RU,2021-12-12 23:00:56,62.5333,155.8,-4.38,98,100,6.91
249,Somerset,US,2021-12-12 23:00:57,40.5668,-74.5496,46.11,52,1,1.01
250,Kruisfontein,ZA,2021-12-12 23:00:57,-34.0033,24.7314,68.88,94,100,8.72
251,Port-Gentil,GA,2021-12-12 23:00:57,-0.7193,8.7815,79.45,81,99,6.17
252,High Level,CA,2021-12-12 23:00:58,58.5169,-117.136,-9.26,96,97,4.63
253,Mirnyy,RU,2021-12-12 23:00:58,62.5353,113.9611,-23.24,97,100,6.15
254,Challapata,BO,2021-12-12 23:00:59,-18.9,-66.7667,47.08,40,39,5.35
255,Swellendam,ZA,2021-12-12 23:00:59,-34.0226,20.4417,66.43,73,100,4.03
256,Port Blair,IN,2021-12-12 23:00:59,11.6667,92.75,79.11,73,66,12.84
257,Iqaluit,CA,2021-12-12 23:00:13,63.7506,-68.5145,5.7,65,100,10.0
258,Helena,US,2021-12-12 22:56:19,46.5927,-112.0361,43.63,57,62,7.0
259,Mitsamiouli,KM,2021-12-12 23:01:01,-11.3847,43.2844,79.92,76,92,9.98
260,Kudahuvadhoo,MV,2021-12-12 22:56:50,2.6708,72.8944,80.04,78,100,5.12
261,Gumdag,TM,2021-12-12 23:01:01,39.2061,54.5906,42.71,72,5,1.66
262,Altay,CN,2021-12-12 23:01:01,47.8667,88.1167,10.87,64,86,5.37
263,Carai,BR,2021-12-12 23:01:02,-17.1889,-41.6947,66.74,92,98,2.91
264,South Lake Tahoe,US,2021-12-12 23:00:13,38.9332,-119.9844,44.55,87,90,17.27
265,Sao Joao Da Barra,BR,2021-12-12 22:57:52,-21.6403,-41.0511,76.21,90,90,21.83
266,Berdigestyakh,RU,2021-12-12 23:01:03,62.0989,126.6992,-12.15,98,100,5.06
267,General Pico,AR,2021-12-12 23:01:03,-35.6566,-63.7568,70.56,42,19,8.72
268,Odweyne,SO,2021-12-12 22:58:03,9.4092,45.064,66.24,47,4,17.49
269,Isangel,VU,2021-12-12 22:59:34,-19.55,169.2667,83.21,77,100,10.02
270,Moskovskiy,RU,2021-12-12 23:01:04,55.5991,37.355,24.91,98,90,4.0
271,Berlevag,NO,2021-12-12 23:01:04,70.8578,29.0864,32.0,89,97,14.36
272,Krasnoselkup,RU,2021-12-12 23:01:05,65.7,82.4667,-16.78,92,100,5.95
273,Monte Patria,CL,2021-12-12 23:01:05,-30.6919,-70.9467,71.74,34,0,6.58
274,Homer,US,2021-12-12 23:01:05,59.6425,-151.5483,7.03,72,13,16.13
275,Gushikawa,JP,2021-12-12 23:02:06,26.3544,127.8686,67.23,77,90,12.66
276,Margate,GB,2021-12-12 23:01:53,51.3813,1.3862,53.31,82,98,3.0
277,Trelew,AR,2021-12-12 23:02:06,-43.249,-65.3051,63.1,46,98,22.28
278,Palu,ID,2021-12-12 22:57:20,-0.8917,119.8707,77.9,88,74,2.04
279,Mago,RU,2021-12-12 23:02:07,53.2514,140.1822,24.15,87,100,11.01
280,Mareeba,AU,2021-12-12 23:02:07,-17.0,145.4333,86.49,79,46,3.56
281,Lethem,GY,2021-12-12 23:02:08,3.3803,-59.7968,80.49,72,98,10.16
282,Tautira,PF,2021-12-12 22:57:59,-17.7333,-149.15,86.02,79,87,10.67
283,Hami,CN,2021-12-12 23:02:08,42.8,93.45,22.19,44,30,4.18
284,Pacific Grove,US,2021-12-12 23:02:09,36.6177,-121.9166,57.31,71,90,1.99
285,Bethel,US,2021-12-12 23:00:30,41.3712,-73.414,42.93,48,0,5.84
286,Portland,US,2021-12-12 23:01:16,45.5234,-122.6762,46.45,86,75,3.0
287,College,US,2021-12-12 23:01:14,64.8569,-147.8028,-8.79,61,75,3.44
288,Kindu,CD,2021-12-12 23:01:02,-2.95,25.95,71.1,92,100,0.92
289,Bolshoy Lug,RU,2021-12-12 23:02:10,52.0779,104.0919,6.98,96,94,2.26
290,Ankara,TR,2021-12-12 23:02:10,39.9199,32.8543,48.2,69,0,0.0
291,Kyshtovka,RU,2021-12-12 23:02:11,56.555,76.6271,10.45,96,100,5.66
292,Abu Samrah,SY,2021-12-12 23:02:11,35.3029,37.1841,55.29,48,95,8.46
293,Miranda De Ebro,ES,2021-12-12 23:02:11,42.6865,-2.947,46.24,82,65,4.38
294,Ishim,RU,2021-12-12 23:02:12,56.1128,69.4902,11.03,90,97,8.75
295,Havoysund,NO,2021-12-12 23:02:12,70.9963,24.6622,32.88,98,100,10.07
296,Zweibrucken,DE,2021-12-12 23:02:13,49.25,7.3667,42.87,83,90,3.44
297,Auki,SB,2021-12-12 23:02:13,-8.7676,160.7034,85.44,72,92,10.27
298,Aklavik,CA,2021-12-12 23:02:13,68.2191,-135.0107,-3.64,90,100,21.81
299,Mount Gambier,AU,2021-12-12 22:58:39,-37.8333,140.7667,69.71,64,31,13.8
300,Dingle,PH,2021-12-12 23:00:41,10.9995,122.6711,76.8,92,88,8.25
301,Ilulissat,GL,2021-12-12 23:01:57,69.2167,-51.1,19.42,63,75,9.22
302,Sinnamary,GF,2021-12-12 23:02:14,5.3833,-52.95,77.09,90,100,10.58
303,Kutum,SD,2021-12-12 23:02:15,14.2,24.6667,65.41,33,47,5.97
304,Carupano,VE,2021-12-12 23:02:15,10.6678,-63.2585,76.59,91,91,8.55
305,Arandis,NA,2021-12-12 23:02:15,-22.4167,14.9667,54.46,47,11,2.44
306,Kharp,RU,2021-12-12 23:02:16,66.8014,65.8081,-0.67,98,25,5.59
307,Tocopilla,CL,2021-12-12 23:02:16,-22.092,-70.1979,66.29,73,17,5.97
308,Clyde River,CA,2021-12-12 23:01:15,70.4692,-68.5914,-18.22,98,41,4.43
309,Tanabe,JP,2021-12-12 23:01:46,33.7333,135.3667,51.01,62,40,13.8
310,Hamilton,US,2021-12-12 23:02:17,39.1834,-84.5333,44.1,54,1,1.01
311,Vila,PT,2021-12-12 23:02:17,42.0304,-8.1588,45.93,92,30,4.09
312,Batsfjord,NO,2021-12-12 23:02:18,70.6345,29.7185,30.42,89,80,15.17
313,Newport,GB,2021-12-12 22:58:32,51.5877,-2.9984,54.28,89,93,19.15
314,Skelleftea,SE,2021-12-12 23:02:18,64.7507,20.9528,32.36,69,75,4.61
315,Pochutla,MX,2021-12-12 23:02:19,15.7432,-96.4661,84.81,66,2,5.66
316,Tilichiki,RU,2021-12-12 23:02:19,60.4667,166.1,-7.87,81,100,17.67
317,Victoria Point,AU,2021-12-12 23:00:44,-27.5833,153.3,81.48,62,25,5.01
318,Tigil,RU,2021-12-12 23:02:20,57.8,158.6667,21.74,74,100,20.56
319,Kyaukse,MM,2021-12-12 23:02:20,21.6,96.1333,64.81,84,3,1.16
320,Bonavista,CA,2021-12-12 23:02:21,48.6499,-53.1147,44.11,73,100,30.42
321,Kahului,US,2021-12-12 23:02:07,20.8947,-156.47,78.96,82,58,13.0
322,Kango,GA,2021-12-12 23:02:21,0.1943,10.0951,74.39,95,96,0.98
323,Los Llanos De Aridane,ES,2021-12-12 22:59:32,28.6585,-17.9182,62.35,74,20,7.0
324,Carballo,ES,2021-12-12 23:03:22,43.213,-8.691,51.22,86,64,3.96
325,Usinsk,RU,2021-12-12 23:03:22,65.9939,57.5281,7.99,97,95,10.83
326,Aberdeen,GB,2021-12-12 23:01:37,57.1437,-2.0981,52.29,88,90,23.02
327,Kununurra,AU,2021-12-12 23:03:23,-15.7667,128.7333,89.58,58,10,5.75
328,Marquette,US,2021-12-12 23:03:23,46.5333,-87.6335,39.78,52,74,11.68
329,Petropavl,KZ,2021-12-12 23:03:23,54.8753,69.1628,8.82,89,90,8.66
330,Shelburne,CA,2021-12-12 23:03:24,44.0787,-80.2041,37.26,76,0,20.87
331,Thabazimbi,ZA,2021-12-12 23:03:24,-24.5917,27.4116,66.2,67,100,3.11
332,Calabozo,VE,2021-12-12 23:03:25,8.9242,-67.4293,86.76,46,94,10.49
333,Samarai,PG,2021-12-12 23:00:31,-10.6167,150.6667,83.59,75,100,11.1
334,Padang,ID,2021-12-12 23:03:25,-0.9492,100.3543,77.05,93,100,1.66
335,Makat,KZ,2021-12-12 23:03:25,47.6469,53.3463,24.48,50,0,11.45
336,Camana,PE,2021-12-12 23:03:26,-16.6228,-72.7111,68.23,87,99,8.57
337,Souillac,MU,2021-12-12 23:03:26,-20.5167,57.5167,73.36,75,90,10.89
338,Manokwari,ID,2021-12-12 23:03:27,-0.8667,134.0833,81.27,75,100,2.42
339,Ayan,RU,2021-12-12 23:03:27,56.45,138.1667,9.21,65,100,9.6
340,Topeka,US,2021-12-12 23:02:55,39.0483,-95.678,53.8,37,1,8.05
341,Nemuro,JP,2021-12-12 23:03:28,43.3236,145.575,31.32,62,20,31.09
342,Vanimo,PG,2021-12-12 23:03:28,-2.6741,141.3028,82.4,78,100,5.55
343,Gospic,HR,2021-12-12 23:03:28,44.5461,15.3747,33.49,86,10,5.37
344,Westport,US,2021-12-12 23:02:34,41.1415,-73.3579,46.98,47,1,4.0
345,Pilar,BR,2021-12-12 23:03:29,-9.5972,-35.9567,76.93,79,57,7.96
346,Sitka,US,2021-12-12 23:03:30,57.0531,-135.33,35.49,69,90,4.61
347,Arona,ES,2021-12-12 23:03:30,28.0996,-16.681,63.39,67,40,5.75
348,Port Elizabeth,ZA,2021-12-12 22:59:28,-33.918,25.5701,71.1,88,90,4.61
349,Gamba,GA,2021-12-12 23:03:31,-2.65,10.0,75.47,93,99,2.66
350,Talnakh,RU,2021-12-12 23:03:31,69.4865,88.3972,-25.91,83,79,1.3
351,Isfana,KG,2021-12-12 23:03:31,39.8386,69.5306,27.16,55,93,2.08
352,Alofi,NU,2021-12-12 23:03:32,-19.0595,-169.9187,78.28,70,7,6.96
353,Inuvik,CA,2021-12-12 23:03:32,68.3499,-133.7218,-5.51,95,100,16.24
354,Maputo,MZ,2021-12-12 23:03:33,-25.9653,32.5892,80.28,82,75,8.01
355,San Quintin,MX,2021-12-12 23:02:40,30.4833,-115.95,62.2,60,2,10.18
356,Cayenne,GF,2021-12-12 23:00:05,4.9333,-52.3333,77.09,92,75,5.01
357,New Norfolk,AU,2021-12-12 23:00:21,-42.7826,147.0587,64.92,50,11,3.0
358,Grand-Lahou,CI,2021-12-12 23:01:13,5.1367,-5.0242,79.81,85,48,7.16
359,Adrar,MR,2021-12-12 23:01:50,20.5022,-10.0711,67.35,16,43,10.71
360,Amahai,ID,2021-12-12 23:03:34,-3.3333,128.9167,81.99,77,98,2.53
361,Kashiwazaki,JP,2021-12-12 23:03:34,37.3667,138.55,38.88,71,100,27.67
362,Lexington,US,2021-12-12 22:59:16,37.9887,-84.4777,41.74,54,3,4.94
363,Mpika,ZM,2021-12-12 23:03:35,-11.8343,31.4529,67.35,62,62,6.64
364,Lasa,IT,2021-12-12 23:01:50,46.6166,10.7002,27.34,93,60,6.73
365,Alikalia,SL,2021-12-12 23:03:35,9.1667,-11.4,71.35,46,18,0.76
366,Rodna,RO,2021-12-12 23:03:36,47.4167,24.8167,37.9,95,99,3.94
367,Amapa,BR,2021-12-12 23:03:36,1.0,-52.0,73.49,97,72,3.02
368,Nago,JP,2021-12-12 23:04:36,26.5881,127.9761,68.07,70,99,17.02
369,Kayes,ML,2021-12-12 23:04:37,14.0,-11.0,81.45,11,30,4.65
370,Talaya,RU,2021-12-12 23:04:37,61.3833,152.75,-11.06,97,100,6.35
371,Provideniya,RU,2021-12-12 23:04:38,64.3833,-173.3,-8.64,64,0,2.24
372,Sakakah,SA,2021-12-12 23:04:38,29.9697,40.2064,56.41,36,100,7.87
373,Klaksvik,FO,2021-12-12 23:04:38,62.2266,-6.589,41.92,73,100,17.56
374,Verkh-Usugli,RU,2021-12-12 23:04:39,52.7,115.1667,-2.76,98,98,2.55
375,Yulara,AU,2021-12-12 23:04:39,-25.2406,130.9889,80.44,54,99,6.91
376,Pangnirtung,CA,2021-12-12 23:04:40,66.1451,-65.7125,-4.63,70,56,7.54
377,Khudumelapye,BW,2021-12-12 23:04:40,-23.8833,24.75,71.11,71,100,6.08
378,Kayerkan,RU,2021-12-12 23:04:41,69.3497,87.7602,-26.95,89,75,1.3
379,Salalah,OM,2021-12-12 23:04:24,17.0151,54.0924,71.69,43,0,6.91
380,Quatre Cocos,MU,2021-12-12 23:04:41,-20.2078,57.7625,73.09,72,89,12.17
381,Shenzhen,CN,2021-12-12 23:00:06,22.5455,114.0683,65.21,75,16,11.05
382,Gimli,CA,2021-12-12 23:04:42,50.6336,-96.9907,32.05,94,97,5.93
383,Apatzingan,MX,2021-12-12 23:04:42,19.0833,-102.35,86.49,38,65,3.0
384,Thompson,CA,2021-12-12 23:01:00,55.7435,-97.8558,-4.92,100,95,2.68
385,Kichera,RU,2021-12-12 23:04:43,55.9375,110.0997,9.57,88,100,4.72
386,Fairbanks,US,2021-12-12 23:04:43,64.8378,-147.7164,-10.79,68,75,3.44
387,Caravelas,BR,2021-12-12 23:04:43,-17.7125,-39.2481,76.62,87,51,9.08
388,Fuerte Olimpo,PY,2021-12-12 23:04:44,-21.0415,-57.8738,77.11,86,97,7.85
389,Kiama,AU,2021-12-12 23:02:15,-34.6833,150.8667,68.0,69,17,1.99
390,Saint-Louis,SN,2021-12-12 23:04:44,16.3333,-15.0,80.73,11,98,9.86
391,Ahipara,NZ,2021-12-12 23:04:45,-35.1667,173.1667,70.56,92,100,7.27
392,Visnes,NO,2021-12-12 23:04:45,59.3556,5.2242,44.22,81,75,14.97
393,Omboue,GA,2021-12-12 23:02:33,-1.5746,9.2618,75.83,91,100,3.11
394,Ambulu,ID,2021-12-12 23:04:46,-8.345,113.6058,78.82,87,88,1.68
395,Komsomolskiy,UZ,2021-12-12 23:00:26,40.4272,71.7189,35.02,37,43,1.57
396,Trinidad,BO,2021-12-12 23:04:46,-14.8333,-64.9,85.98,74,75,5.75
397,Lompoc,US,2021-12-12 23:04:47,34.6391,-120.4579,65.08,63,1,12.66
398,Sabha,LY,2021-12-12 23:04:47,27.0377,14.4283,51.3,55,0,8.32
399,Colonial Heights,US,2021-12-12 23:04:48,37.268,-77.4073,43.65,65,1,0.0
400,Soyo,AO,2021-12-12 23:04:16,-6.1349,12.3689,77.05,92,95,2.35
401,Riyadh,SA,2021-12-12 23:04:48,24.6877,46.7219,50.14,30,36,5.99
402,Voh,NC,2021-12-12 23:04:48,-20.9667,164.7,75.52,96,100,1.95
403,Maceio,BR,2021-12-12 23:00:46,-9.6658,-35.7353,80.06,77,52,13.27
404,Bentiu,SS,2021-12-12 23:04:49,9.2333,29.8333,76.91,28,80,5.48
405,Cabo San Lucas,MX,2021-12-12 23:04:49,22.8909,-109.9124,77.5,68,20,5.75
406,Glendive,US,2021-12-12 23:04:46,47.1053,-104.7125,45.23,49,1,6.91
407,Nyagan,RU,2021-12-12 23:04:50,62.1406,65.3936,5.9,99,92,3.91
408,Umm Lajj,SA,2021-12-12 23:04:50,25.0213,37.2685,76.19,41,100,3.38
409,Alice Springs,AU,2021-12-12 23:04:20,-23.7,133.8833,80.15,36,26,9.22
410,Pendleton,US,2021-12-12 23:04:51,45.6721,-118.7886,44.91,77,90,1.01
411,Poya,NC,2021-12-12 23:04:51,-21.35,165.15,76.69,91,100,2.75
412,Ekhabi,RU,2021-12-12 23:04:52,53.5102,142.9671,24.42,90,100,19.08
413,Rundu,NA,2021-12-12 23:04:52,-17.9333,19.7667,67.1,86,86,3.76
414,Aksu,CN,2021-12-12 23:02:05,41.1231,80.2644,19.2,75,11,1.41
415,Naze,JP,2021-12-12 23:00:55,28.3667,129.4833,60.82,69,81,18.23
416,Hima,UG,2021-12-12 23:05:53,0.2958,30.1804,66.2,81,100,2.35
417,Boa Vista,BR,2021-12-12 23:05:54,2.8197,-60.6733,80.58,78,40,5.75
418,Nabire,ID,2021-12-12 23:05:54,-3.3667,135.4833,77.94,86,100,3.47
419,Port-Cartier,CA,2021-12-12 23:05:54,50.0334,-66.8654,28.74,68,65,20.74
420,Sambava,MG,2021-12-12 23:02:54,-14.2667,50.1667,74.73,84,89,7.83
421,Namibe,AO,2021-12-12 23:05:55,-15.1961,12.1522,71.4,77,53,5.46
422,Kamenka,RU,2021-12-12 23:05:55,51.3223,42.7678,17.74,66,55,12.08
423,Do Gonbadan,IR,2021-12-12 23:05:56,30.3586,50.7981,55.96,41,37,1.57
424,Ambilobe,MG,2021-12-12 23:01:12,-13.2,49.05,72.95,79,7,3.96
425,Chicama,PE,2021-12-12 23:05:56,-7.8447,-79.1469,64.94,70,55,8.03
426,Carauari,BR,2021-12-12 23:02:12,-4.8828,-66.8958,76.69,95,96,2.17
427,Pembroke,CA,2021-12-12 23:05:57,45.8168,-77.1162,41.18,56,35,12.37
428,Rincon,US,2021-12-12 23:02:44,32.296,-81.2354,57.85,66,20,6.91
429,Pandan,PH,2021-12-12 23:05:57,14.0453,124.1694,78.6,87,92,17.49
430,Nueva Loja,EC,2021-12-12 23:05:58,0.0847,-76.8828,75.09,94,80,1.59
431,Ariquemes,BR,2021-12-12 23:05:58,-9.9133,-63.0408,75.49,97,100,3.47
432,Koumac,NC,2021-12-12 23:05:59,-20.5667,164.2833,76.42,91,100,6.51
433,Zhigansk,RU,2021-12-12 23:03:02,66.7697,123.3711,-36.65,99,94,8.61
434,Megion,RU,2021-12-12 23:05:59,61.0296,76.1136,-0.38,100,97,4.27
435,Baykit,RU,2021-12-12 23:06:00,61.67,96.37,-25.19,99,40,2.21
436,Yerbogachen,RU,2021-12-12 23:06:00,61.2767,108.0108,-41.08,99,37,3.74
437,Ichhawar,IN,2021-12-12 23:06:01,23.0167,77.0167,57.13,58,0,5.48
438,Abaza,RU,2021-12-12 23:06:01,52.655,90.0928,17.49,91,100,5.66
439,Silvan,TR,2021-12-12 23:06:02,38.1419,41.0081,34.09,50,69,1.3
440,Pocosol,CR,2021-12-12 23:06:02,10.3667,-84.6167,83.3,85,41,6.46
441,Husavik,IS,2021-12-12 23:06:03,66.0449,-17.3389,33.08,79,95,13.69
442,Gornozavodsk,RU,2021-12-12 23:06:03,58.3758,58.3211,3.25,97,98,2.93
443,Kisangani,CD,2021-12-12 23:06:03,0.5167,25.2,72.52,94,100,2.75
444,Zhuhai,CN,2021-12-12 23:06:04,22.2769,113.5678,65.05,68,20,21.85
445,Itoman,JP,2021-12-12 23:06:04,26.1247,127.6694,68.02,76,75,21.85
446,Shimoda,JP,2021-12-12 23:06:05,34.6667,138.95,54.1,61,0,19.84
447,Eunice,US,2021-12-12 23:06:05,30.4944,-92.4176,59.0,64,0,5.23
448,Mountain Home,US,2021-12-12 23:06:06,43.133,-115.6912,47.41,93,90,17.27
449,Aguililla,MX,2021-12-12 23:06:06,18.7333,-102.7333,75.34,60,82,1.95
450,Kaitangata,NZ,2021-12-12 23:01:10,-46.2817,169.8464,60.93,67,62,5.19
451,Namatanai,PG,2021-12-12 23:01:31,-3.6667,152.4333,84.76,68,94,4.68
452,Buzmeyin,TM,2021-12-12 23:06:07,38.0507,58.2056,46.45,69,91,10.36
453,Torit,SS,2021-12-12 23:06:07,4.4133,32.5678,76.93,34,97,3.65
454,Inta,RU,2021-12-12 23:06:08,66.0317,60.1659,10.58,94,100,11.83
455,Fare,PF,2021-12-12 23:06:08,-16.7,-151.0167,80.85,74,83,10.96
456,Cururupu,BR,2021-12-12 23:03:41,-1.8283,-44.8683,79.2,84,58,5.46
457,Breyten,ZA,2021-12-12 23:06:09,-26.3018,29.987,58.84,85,100,4.41
458,Dukat,RU,2021-12-12 23:06:09,62.55,155.55,-4.16,99,100,5.32
459,Berberati,CF,2021-12-12 23:05:07,4.2612,15.7922,74.37,36,79,2.46
460,Bosanski Novi,BA,2021-12-12 23:06:10,45.0458,16.3803,32.09,85,29,3.11
461,Egvekinot,RU,2021-12-12 23:07:10,66.3167,-179.1667,-22.72,81,1,6.51
462,Kitimat,CA,2021-12-12 23:07:11,54.0524,-128.6534,27.91,32,99,1.19
463,Banda Aceh,ID,2021-12-12 23:07:11,5.5577,95.3222,77.07,86,17,12.39
464,Bubaque,GW,2021-12-12 23:07:12,11.2833,-15.8333,81.21,73,21,13.27
465,San Jeronimo,PE,2021-12-12 23:07:12,-11.9472,-75.2829,56.59,72,58,6.53
466,Wasilla,US,2021-12-12 23:07:12,61.5814,-149.4394,8.02,66,1,0.0
467,Fukuma,JP,2021-12-12 23:04:44,33.7667,130.4667,48.09,57,96,10.36
468,Terney,RU,2021-12-12 23:07:13,45.0503,136.6092,13.82,63,10,25.99
469,Neuquen,AR,2021-12-12 23:04:47,-38.9516,-68.0591,67.89,22,0,13.8
470,Keti Bandar,PK,2021-12-12 23:07:14,24.1447,67.4497,68.45,56,31,8.84
471,Maumere,ID,2021-12-12 23:07:14,-8.6199,122.2111,81.77,78,100,3.0
472,Asau,RO,2021-12-12 23:07:15,46.4333,26.4,38.39,85,100,3.36
473,Kabare,CD,2021-12-12 23:07:15,-2.4683,28.8242,61.57,91,100,0.89
474,Durham,US,2021-12-12 23:04:33,36.0335,-78.8664,45.61,60,1,0.0
475,Teya,RU,2021-12-12 23:03:16,60.3778,92.6267,-14.17,100,98,1.5
476,Ayna,PE,2021-12-12 23:07:16,-12.65,-73.9167,65.93,85,93,1.72
477,Sanghar,PK,2021-12-12 23:07:16,26.0466,68.9481,50.07,22,50,5.14
478,Betong,TH,2021-12-12 23:07:17,5.7743,101.0723,68.41,98,58,2.59
479,Kalmunai,LK,2021-12-12 23:07:17,7.4167,81.8167,77.04,89,100,6.93
480,Manuk Mangkaw,PH,2021-12-12 23:07:17,4.8,119.85,81.73,78,58,4.03
481,Yaan,NG,2021-12-12 23:07:18,7.3833,8.5667,80.49,18,59,3.15
482,Touros,BR,2021-12-12 23:07:18,-5.1989,-35.4608,83.3,76,8,15.59
483,Lumby,CA,2021-12-12 23:07:18,50.2498,-118.969,29.66,90,33,1.43
484,Oranjemund,NA,2021-12-12 23:07:19,-28.55,16.4333,61.83,92,56,2.77
485,Ghanzi,BW,2021-12-12 23:07:19,-21.5667,21.7833,70.75,68,100,7.7
486,Dromolaxia,CY,2021-12-12 23:07:20,34.8761,33.586,64.98,82,0,6.91
487,Pampa,US,2021-12-12 23:07:21,35.5362,-100.9599,70.75,14,1,16.11
488,Gombong,ID,2021-12-12 23:07:21,-7.6072,109.5142,78.84,87,100,0.67
489,Lahat,ID,2021-12-12 23:07:22,-3.8,103.5333,71.76,99,91,2.15
490,Chunskiy,RU,2021-12-12 23:07:22,56.0815,99.6342,11.41,94,100,5.59
491,Blythe,US,2021-12-12 23:07:22,33.6103,-114.5964,64.85,14,1,0.0
492,Yulin,CN,2021-12-12 23:07:23,22.6333,110.15,52.3,68,1,6.04
493,Nagod,IN,2021-12-12 23:07:23,24.5667,80.6,51.51,58,0,2.77
494,Benjamin Constant,BR,2021-12-12 23:07:24,-4.3831,-70.0311,77.13,96,81,2.51
495,Anadyr,RU,2021-12-12 23:07:24,64.75,177.4833,-28.7,75,75,11.18
496,Vestmanna,FO,2021-12-12 23:07:24,62.1564,-7.1664,40.12,81,90,12.66
497,Plettenberg Bay,ZA,2021-12-12 23:07:25,-34.0527,23.3716,65.5,92,93,1.95
498,Ribas Do Rio Pardo,BR,2021-12-12 23:07:25,-20.4431,-53.7592,72.88,89,100,4.83
499,Pont-Rouge,CA,2021-12-12 23:07:25,46.7566,-71.6978,36.59,70,40,14.54
500,El Salto,MX,2021-12-12 23:07:26,20.3333,-104.5,75.0,38,14,4.34
501,Tungor,RU,2021-12-12 23:07:26,53.3808,142.9564,24.22,89,100,19.06
502,Matara,LK,2021-12-12 23:07:27,5.9485,80.5353,76.42,84,98,7.31
503,Inhambane,MZ,2021-12-12 23:07:27,-23.865,35.3833,78.31,95,10,7.72
504,Brora,GB,2021-12-12 23:07:28,58.0099,-3.8518,55.29,87,100,15.93
505,Alegrete,BR,2021-12-12 23:06:22,-29.7831,-55.7919,82.45,45,29,2.19
506,Ponta Do Sol,PT,2021-12-12 23:08:28,32.6667,-17.1,65.01,77,46,1.7
507,Kismayo,SO,2021-12-12 23:08:29,-0.3582,42.5454,79.86,79,36,12.08
508,Richards Bay,ZA,2021-12-12 23:08:29,-28.783,32.0377,75.0,70,100,7.61
509,Caranavi,BO,2021-12-12 23:08:29,-15.8167,-67.55,69.39,94,100,1.54
510,La Ronge,CA,2021-12-12 23:08:30,55.1001,-105.2842,8.28,96,100,1.95
511,Nizhniy Lomov,RU,2021-12-12 23:08:30,53.5304,43.6766,20.08,74,17,11.05
512,Yablochnyy,RU,2021-12-12 23:08:31,47.1661,142.0661,30.15,92,97,26.17
513,Aguada De Pasajeros,CU,2021-12-12 23:08:31,22.385,-80.8508,78.94,64,45,12.39
514,Ko Samui,TH,2021-12-12 23:04:22,9.5357,99.9357,80.96,68,48,11.48
515,Sept-Iles,CA,2021-12-12 23:08:32,50.2001,-66.3821,29.05,68,87,24.0
516,Manaure,CO,2021-12-12 23:08:32,11.7751,-72.4445,79.75,76,100,15.05
517,Urozhaynoye,RU,2021-12-12 23:08:32,44.7883,44.9228,36.05,77,92,13.94
518,Coahuayana,MX,2021-12-12 23:04:09,18.7333,-103.6833,89.08,67,29,6.02
519,Nizwa,OM,2021-12-12 23:08:33,22.9333,57.5333,60.8,56,15,1.57
520,Arua,UG,2021-12-12 23:08:33,3.0201,30.9111,67.95,37,98,0.22
521,Potsdam,DE,2021-12-12 23:08:34,52.3989,13.0657,42.12,98,100,1.99
522,Sakaiminato,JP,2021-12-12 23:08:34,35.55,133.2333,47.53,61,94,13.73
523,Csaszar,HU,2021-12-12 23:08:34,47.498,18.1427,32.81,83,8,11.65
524,Jibuti,DJ,2021-12-12 23:08:35,11.5,42.5,71.02,76,3,15.82
525,Koslan,RU,2021-12-12 23:08:35,63.4564,48.8989,1.53,95,85,4.54
526,Milkovo,RU,2021-12-12 23:08:36,54.7167,158.6167,24.46,96,100,5.5
527,Debre Birhan,ET,2021-12-12 23:08:36,9.6833,39.5333,43.7,71,95,5.21
528,Mokrous,RU,2021-12-12 23:08:36,51.2333,47.5167,12.22,85,12,7.43
529,Vientiane,LA,2021-12-12 23:08:37,17.9667,102.6,60.87,82,19,0.78
530,Acapulco,MX,2021-12-12 23:08:37,16.8634,-99.8901,84.02,74,1,9.22
531,Muyezerskiy,RU,2021-12-12 23:08:38,63.9333,31.65,19.2,97,100,4.21
532,Manati,PR,2021-12-12 23:08:38,18.4275,-66.4921,80.17,96,49,9.82
533,Manaus,BR,2021-12-12 23:08:16,-3.1019,-60.025,77.49,88,75,3.44
534,Pleshanovo,RU,2021-12-12 23:08:39,52.8333,53.4833,8.67,92,14,2.01
535,Durango,MX,2021-12-12 23:06:26,24.8333,-104.8333,71.06,24,94,12.93
536,Jumla,NP,2021-12-12 23:08:39,29.2747,82.1838,36.99,37,89,5.08
537,Khandbari,NP,2021-12-12 23:08:40,27.3747,87.2039,50.76,63,2,4.09
538,Tiarei,PF,2021-12-12 23:08:40,-17.5333,-149.3333,86.02,75,65,9.6
539,Horodok,UA,2021-12-12 23:08:40,49.1637,26.5839,38.52,96,100,6.15
540,Kandi,BJ,2021-12-12 23:08:41,11.1342,2.9386,75.97,17,18,4.76
541,Berbera,SO,2021-12-12 23:08:41,10.4396,45.0143,75.22,72,0,7.05
542,Wabag,PG,2021-12-12 23:08:41,-5.4781,143.7021,61.77,91,100,1.41
543,Svetlaya,RU,2021-12-12 23:08:42,46.5389,138.3297,19.81,54,100,19.17
544,Utete,TZ,2021-12-12 23:08:42,-7.986,38.758,72.46,96,100,2.19
545,Dubbo,AU,2021-12-12 23:05:27,-32.25,148.6167,69.93,60,0,10.36
546,Irkutsk,RU,2021-12-12 23:08:43,52.2978,104.2964,7.57,85,40,2.24
547,Nantucket,US,2021-12-12 23:08:43,41.2835,-70.0995,43.97,56,1,10.36
548,San Vicente,AR,2021-12-12 23:08:44,-26.6167,-54.1333,74.53,55,97,2.35
549,Bintulu,MY,2021-12-12 23:08:44,3.1667,113.0333,75.72,94,99,5.99
550,Golynki,RU,2021-12-12 23:08:44,54.8696,31.3861,33.06,98,100,7.54
551,Leeton,AU,2021-12-12 23:08:45,-34.5667,146.4,83.89,30,0,7.47
552,Bagakay,PH,2021-12-12 23:08:45,8.1386,123.8044,77.7,90,43,0.72
553,Limoux,FR,2021-12-12 23:08:46,42.9167,2.1667,45.19,80,43,3.69
554,Guangyuan,CN,2021-12-12 23:09:46,32.442,105.823,43.68,89,100,0.63
555,Cerro Cama,PA,2021-12-12 23:09:47,9.03,-79.905,83.08,90,70,5.14
556,Haines Junction,CA,2021-12-12 23:09:47,60.7522,-137.5108,-11.38,96,99,2.06
557,Xuddur,SO,2021-12-12 23:09:47,4.1213,43.8894,74.35,73,99,14.32
558,Arak,IR,2021-12-12 23:09:48,34.0917,49.6892,39.04,39,0,0.18
559,Naryan-Mar,RU,2021-12-12 23:09:48,67.6713,53.087,16.12,95,100,9.22
560,Forestville,US,2021-12-12 23:09:49,38.8451,-76.875,46.2,45,20,0.0
561,Koygorodok,RU,2021-12-12 23:09:49,60.445,50.9968,4.91,94,80,5.66
562,Nileshwar,IN,2021-12-12 23:09:49,12.25,75.1,76.44,74,88,6.06
563,Ixtapa,MX,2021-12-12 23:06:29,20.7,-105.2,79.83,74,1,8.05
564,Port Hardy,CA,2021-12-12 23:09:50,50.6996,-127.4199,36.75,98,100,5.37
565,Guaraciaba Do Norte,BR,2021-12-12 23:09:50,-4.1669,-40.7475,75.18,51,87,3.22
566,Mbaiki,CF,2021-12-12 23:09:51,3.8678,17.9892,78.89,43,99,2.04
